Image,Rating
rating_5.jpg,4
rating_5.5.jpg,4
rating_4.jpg,2
rating_1.5.jpg,1
rating_2.jpg,1
rating_5.5.jpg,4
rating_2.5.jpg,1
rating_2.jpg,1
rating_2.5.jpg,1
rating_5.jpg,4
rating_3.jpg,1
rating_2.5.jpg,1
rating_1.jpg,1
rating_5.jpg,5
rating_4.jpg,3
rating_5.5.jpg,3
rating_4.jpg,3
rating_1.jpg,1
rating_1.jpg,1
rating_5.5.jpg,4
rating_0.5.jpg,1
rating_4.jpg,4
rating_4.jpg,4
rating_1.5.jpg,2
rating_0.5.jpg,1
rating_5.jpg,5
rating_1.5.jpg,1
rating_2.jpg,1
rating_1.jpg,1
rating_4.5.jpg,4
rating_3.5.jpg,2
rating_3.jpg,1
rating_2.5.jpg,1
rating_3.5.jpg,3
rating_4.5.jpg,4
rating_0.5.jpg,1
rating_3.5.jpg,3
rating_3.5.jpg,3
rating_3.5.jpg,3
rating_0.5.jpg,1
rating_3.5.jpg,2
rating_2.5.jpg,2
rating_2.jpg,1
rating_1.5.jpg,1
rating_2.jpg,2
rating_4.5.jpg,4
rating_5.5.jpg,5
rating_2.5.jpg,2
rating_4.jpg,4
rating_0.5.jpg,1
rating_1.jpg,1
rating_2.5.jpg,2
rating_2.jpg,1
rating_3.5.jpg,2
rating_0.5.jpg,1
rating_5.jpg,4
rating_3.5.jpg,3
rating_2.jpg,2
rating_5.5.jpg,5
rating_3.jpg,1
rating_1.jpg,1
rating_5.jpg,5
rating_4.jpg,3
rating_2.jpg,1
rating_3.5.jpg,2
rating_4.jpg,3
rating_1.jpg,1
rating_4.5.jpg,4
rating_5.jpg,4
rating_1.5.jpg,1
rating_3.jpg,2
rating_2.5.jpg,1
rating_4.5.jpg,4
rating_5.5.jpg,5
rating_4.jpg,3
rating_4.5.jpg,4
rating_3.jpg,2
rating_1.5.jpg,1
rating_4.jpg,4
rating_2.5.jpg,1
rating_3.5.jpg,2
rating_1.jpg,1
rating_5.5.jpg,5
rating_3.jpg,1
rating_0.5.jpg,1
rating_5.5.jpg,5
rating_1.jpg,1
rating_4.5.jpg,4
rating_4.5.jpg,4
rating_0.5.jpg,1
rating_5.jpg,4
rating_2.jpg,1
rating_0.5.jpg,1
rating_5.jpg,5
rating_4.5.jpg,3
rating_3.jpg,2
rating_1.5.jpg,1
rating_4.5.jpg,3
rating_5.jpg,4
rating_0.5.jpg,1
rating_3.jpg,2
rating_3.jpg,2
rating_2.jpg,1
rating_1.5.jpg,1
rating_1.5.jpg,1
rating_1.jpg,1
rating_1.5.jpg,1
rating_2.5.jpg,2
rating_5.5.jpg,5
rating_3.jpg,2
